Date,Adj Close,SMA 20,SMA 50,SMA 150
2019-02-04,3459.154053,,,
2019-02-05,3466.357422,,,
2019-02-06,3413.767822,,,
2019-02-07,3399.47168,,,
2019-02-08,3666.780273,,,
2019-02-09,3671.203613,,,
2019-02-10,3690.188232,,,
2019-02-11,3648.430664,,,
2019-02-12,3653.528564,,,
2019-02-13,3632.070557,,,
2019-02-14,3616.880859,,,
2019-02-15,3620.810791,,,
2019-02-16,3629.787598,,,
2019-02-17,3673.836182,,,
2019-02-18,3915.714355,,,
2019-02-19,3947.094482,,,
2019-02-20,3999.820557,,,
2019-02-21,3954.118164,,,
2019-02-22,4005.526611,,,
2019-02-23,4142.526855,3710.3534667,,
2019-02-24,3810.42749,3727.91713855,,
2019-02-25,3882.696289,3748.7340818999996,,
2019-02-26,3854.35791,3770.7635863000005,,
2019-02-27,3851.047363,3793.3423704499996,,
2019-02-28,3854.7854,3802.7426268000004,,
2019-03-01,3859.58374,3812.16163315,,
2019-03-02,3864.415039,3820.8729735,,
2019-03-03,3847.175781,3830.81022935,,
2019-03-04,3761.557129,3836.2116576,,
2019-03-05,3896.375,3849.42687975,,
2019-03-06,3903.942627,3863.77996815,,
2019-03-07,3911.484375,3878.3136473499994,,
2019-03-08,3901.131592,3891.88084705,,
2019-03-09,3963.313721,3906.354724,,
2019-03-10,3951.599854,3908.1489989499996,,
2019-03-11,3905.227295,3906.0556396,,
2019-03-12,3909.15625,3901.52242425,,
2019-03-13,3906.717285,3899.1523802999995,,
2019-03-14,3924.369141,3895.0945068,,
2019-03-15,3960.911133,3886.0137207,,
2019-03-16,4048.72583,3897.9286377,,
2019-03-17,4025.229004,3905.05527345,,
2019-03-18,4032.507324,3913.96274415,,
2019-03-19,4071.190186,3924.9698853,,
2019-03-20,4087.476318,3936.6044312,,
2019-03-21,4029.326904,3945.0915894,,
2019-03-22,4023.968262,3953.0692505499997,,
2019-03-23,4035.826416,3962.5017822999994,,
2019-03-24,4022.168213,3975.5323365000004,,
2019-03-25,3963.070557,3978.8671143500005,3845.3366552400003,
2019-03-26,3985.080811,3982.92402355,3855.8551903999996,
2019-03-27,4087.066162,3991.7031129,3868.2693652,
2019-03-28,4069.107178,4000.1018922000003,3881.37615232,
2019-03-29,4098.374512,4006.85493175,3895.35420896,
2019-03-30,4106.660156,4014.60794685,3904.15180662,
2019-03-31,4105.404297,4024.6167969499998,3912.8358203000007,
2019-04-01,4158.183105,4037.0681397,3922.1957177599998,
2019-04-02,4879.87793,4085.7261719500007,3946.8246630800004,
2019-04-03,4973.021973,4138.158813550001,3973.21453126,
2019-04-04,4922.798828,4186.2531983,3999.0290966800003,
2019-04-05,5036.681152,4235.650964400001,4027.4251025400004,
2019-04-06,5059.817383,4287.380383350001,4056.20523438,
2019-04-07,5198.896973,4345.6998658,4087.58742188,
2019-04-08,5289.770996,4406.6289062999995,4119.90611816,
2019-04-09,5204.958496,4462.5030152,4145.69100098,
2019-04-10,5324.551758,4527.2642579,4173.240146499999,
2019-04-11,5064.487793,4579.29023445,4194.53349122,
2019-04-12,5089.539063,4631.9758668,4217.2419092,
2019-04-13,5096.586426,4685.696777449999,4239.0631055,
2019-04-14,5167.722168,4745.929357999999,4259.56701176,
2019-04-15,5067.108398,4800.03073735,4284.70062992,
2019-04-16,5235.55957,4857.45540775,4311.75789554,
2019-04-17,5251.937988,4916.5969482499995,4339.7094971,
2019-04-18,5298.385742,4976.5975097499995,4368.65626468,
2019-04-19,5303.8125,5036.45512695,4397.6368066800005,
2019-04-20,5337.88623,5098.0792236,4427.20285648,
2019-04-21,5314.53125,5155.89663085,4456.2051807,
2019-04-22,5399.365234,5181.87099605,4487.248969759999,
2019-04-23,5572.362305,5211.83801265,4523.46507328,
2019-04-24,5464.866699,5238.9414062,4554.834907259999,
2019-04-25,5210.515625,5247.633129849999,4580.9663672199995,
2019-04-26,5279.348145,5258.609667950001,4608.323642619999,
2019-04-27,5268.291016,5262.0793701,4635.666831099999,
2019-04-28,5285.13916,5261.8477783,4662.10333988,
2019-04-29,5247.352539,5263.96748045,4688.01839358,
2019-04-30,5350.726563,5265.2762207,4716.92837894,
2019-05-01,5402.697266,5282.186694350001,4746.79919926,
2019-05-02,5505.283691,5302.97392575,4778.77052738,
2019-05-03,5768.289551,5336.559082000001,4815.6489355799995,
2019-05-04,5831.16748,5369.7313476,4853.054062519999,
2019-05-05,5795.708496,5406.1613525,4887.99371584,
2019-05-06,5746.807129,5431.72373045,4922.42527834,
2019-05-07,5829.501465,5460.6019043,4958.36516116,
2019-05-08,5982.45752,5494.8054932,4996.59050784,
2019-05-09,6174.528809,5538.34130865,5038.331557660001,
2019-05-10,6378.849121,5590.3894531999995,5085.322002,
2019-05-11,7204.771484,5684.9014649,5148.93806644,
2019-05-12,6972.371582,5763.5517823,5207.6689697599995,
2019-05-13,7814.915039,5875.679419,5283.52390628,
2019-05-14,7994.416016,6002.15688485,5364.15081546,
2019-05-15,8205.167969,6151.88950205,5448.552558619999,
2019-05-16,7884.90918,6282.1675538,5524.509418980001,
2019-05-17,7343.895508,6385.947778399999,5590.00518558,
2019-05-18,7271.208008,6485.2512208,5653.4618555,
2019-05-19,8197.689453,6632.768066500001,5735.28244144,
2019-05-20,7978.309082,6764.14719245,5812.74053714,
2019-05-21,7963.327637,6892.1787110000005,5888.843427780001,
2019-05-22,7680.066406,7000.9178467500005,5944.8471973000005,
2019-05-23,7881.84668,7106.595703200001,6003.023691440001,
2019-05-24,7987.371582,7214.4059083,6064.315146520001,
2019-05-25,8052.543945,7327.247680750001,6124.632402380001,
2019-05-26,8673.21582,7473.5681153,6196.900371119999,
2019-05-27,8805.77832,7622.38195805,6269.03799806,
2019-05-28,8719.961914,7759.257177750001,6337.6418164199995,
2019-05-29,8659.487305,7883.50510255,6406.732392599999,
2019-05-30,8319.472656,7980.5362792999995,6466.63081056,
2019-05-31,8574.501953,8049.02280275,6536.83109376,
2019-06-01,8564.016602,8128.60505375,6606.32064454,
2019-06-02,8742.958008,8175.0072022,6679.24807618,
2019-06-03,8208.995117,8185.736157249999,6740.07353516,
2019-06-04,7707.770996,8160.8663086,6792.88678712,
2019-06-05,7824.231445,8157.83242185,6844.66022462,
2019-06-06,7822.023438,8181.738818350001,6896.061933620001,
2019-06-07,8043.951172,8220.37597655,6950.9732422199995,
2019-06-08,7954.12793,8208.197900399999,7003.97955082,
2019-06-09,7688.077148,8193.6863037,7050.98336918,
2019-06-10,8000.32959,8195.536401349998,7104.69933598,
2019-06-11,7927.714355,8207.9187988,7155.266318399999,
2019-06-12,8145.857422,8221.119335899999,7206.736220740001,
2019-06-13,8230.923828,8233.2969482,7262.05736332,
2019-06-14,8693.833008,8265.361401350001,7331.72371098,
2019-06-15,8838.375,8273.619360350001,7402.90424808,
2019-06-16,8994.488281,8283.0548584,7477.428193379999,
2019-06-17,9320.352539,8313.07438965,7558.132460960001,
2019-06-18,9081.762695,8334.18815915,7634.82066408,
2019-06-19,9273.521484,8381.89060055,7713.2765625,
2019-06-20,9527.160156,8429.5235107,7795.7658203,
2019-06-21,10144.556641,8508.550512650001,7888.5512793,
2019-06-22,10701.691406,8606.48718255,7987.2193164,
2019-06-23,10855.371094,8738.8059814,8087.70338868,
2019-06-24,11011.102539,8903.97255855,8192.01126954,
2019-06-25,11790.916992,9102.306835899999,8312.8934668,
2019-06-26,13016.231445,9362.01723625,8456.6280664,
2019-06-27,11182.806641,9518.960009699998,8560.63504882,
2019-06-28,12407.332031,9741.62021475,8685.29111326,
2019-06-29,11959.371094,9955.18491205,8796.90155272,
2019-06-30,10817.155273,10096.0261962,8869.1492285,
2019-07-01,10583.134766,10228.797216750001,8941.36449218,
2019-07-02,10801.677734,10361.58823235,9001.09974608,
2019-07-03,11961.269531,10548.1055175,9080.43681638,
2019-07-04,11215.4375,10674.185742099999,9140.642207,
2019-07-05,10978.459961,10781.18999015,9202.51322262,
2019-07-06,11208.550781,10891.89311515,9279.80632808,
2019-07-07,11450.84668,10998.417822200001,9363.39910152,
2019-07-08,12285.958008,11158.62758785,9445.16447262,
2019-07-09,12573.8125,11323.64213865,9537.07454098,
2019-07-10,12156.512695,11455.1097656,9620.93824214,
2019-07-11,11358.662109,11515.815039,9694.5101562,
2019-07-12,11815.986328,11571.5297851,9773.19294916,
2019-07-13,11392.378906,11598.3801757,9841.29309564,
2019-07-14,10256.058594,11560.62797845,9885.36338862,
2019-07-15,10895.089844,11515.836621049999,9929.800869100001,
2019-07-16,9477.641602,11338.9071289,9943.23813474,
2019-07-17,9693.802734,11264.456933550002,9962.714951139998,
2019-07-18,10666.482422,11177.414453100002,10002.854853480001,
2019-07-19,10530.732422,11105.982519500001,10047.0800488,
2019-07-20,10767.139648,11103.48173825,10090.9328027,
2019-07-21,10599.105469,11104.2802734,10131.63458004,
2019-07-22,10343.106445,11081.35170895,10163.63754878,
2019-07-23,9900.767578,10978.3266113,10197.472998000001,
2019-07-24,9811.925781,10908.15102535,10239.5560937,
2019-07-25,9911.841797,10854.82011715,10281.30830074,
2019-07-26,9870.303711,10787.907763649999,10322.2739062,
2019-07-27,9477.677734,10689.24931635,10350.94843744,
2019-07-28,9552.860352,10552.594433549999,10382.92308588,
2019-07-29,9519.145508,10399.86108395,10419.54445308,
2019-07-30,9607.423828,10272.4066406,10451.686337840001,
2019-07-31,10085.62793,10208.75493165,10494.844609340002,
2019-08-01,10399.668945,10137.9390625,10539.9208398,
2019-08-02,10518.174805,10094.228857450002,10585.66585934,
2019-08-03,10821.726563,10122.512255900001,10628.22373044,
2019-08-04,10970.18457,10126.2669922,10670.859921840001,
2019-08-05,11805.65332,10242.6675781,10727.083222619998,
2019-08-06,11478.168945,10331.885888649998,10770.23955074,
2019-08-07,11941.96875,10395.660205049999,10827.443671840001,
2019-08-08,11966.407227,10467.4439453,10881.3013867,
2019-08-09,11862.936523,10522.23378905,10928.01691404,
2019-08-10,11354.024414,10559.9797363,10952.206269499999,
2019-08-11,11523.579102,10619.00336915,10968.64402342,
2019-08-12,11382.616211,10693.0958008,10979.18892576,
2019-08-13,10895.830078,10747.29101565,10976.883476539999,
2019-08-14,10051.704102,10754.2841309,10942.09921874,
2019-08-15,10311.545898,10776.34624025,10888.005507799999,
2019-08-16,10374.338867,10821.1792969,10871.836152320002,
2019-08-17,10231.744141,10855.12348635,10828.32439452,
2019-08-18,10345.810547,10896.4567383,10796.053183580001,
2019-08-19,10916.053711,10961.888232450001,10798.031152340001,
2019-08-20,10763.232422,10995.76845705,10801.63310546,
2019-08-21,10138.049805,10982.68750005,10788.360546880001,
2019-08-22,10131.055664,10963.331542999998,10751.75626954,7260.4201391550005
2019-08-23,10407.964844,10942.643457049999,10735.606816419999,7295.16419311
2019-08-24,10159.960938,10902.13227545,10719.236835959999,7328.63221069
2019-08-25,10138.517578,10818.775488349998,10697.836171900002,7362.25595947
2019-08-26,10370.820313,10763.40805675,10676.23564456,7397.1127026350005
2019-08-27,10185.5,10675.58461925,10634.226484400002,7429.70630127
2019-08-28,9754.422852,10564.9854005,10577.838691440002,7460.122397465
2019-08-29,9510.200195,10447.3485841,10524.91244144,7489.2224572800005
2019-08-30,9598.173828,10359.5560548,10489.70267582,7518.9711731
2019-08-31,9630.664063,10264.91030285,10445.996230519999,7548.856850594999
2019-09-01,9757.970703,10183.67802745,10413.30806646,7579.486351324999
2019-09-02,10346.760742,10156.22456065,10415.12210942,7613.135750740001
2019-09-03,10623.540039,10184.8163575,10409.69111332,7648.149396980001
2019-09-04,10594.493164,10198.9637208,10432.02814456,7682.972924809999
2019-09-05,10575.533203,10209.0234376,10449.66275394,7717.481409915
2019-09-06,10353.302734,10215.101367250001,10443.39916018,7749.66935181
2019-09-07,10517.254883,10223.67358405,10443.1296094,7782.520153815
2019-09-08,10441.276367,10199.934716849999,10436.61234378,7814.727432865001
2019-09-09,10334.974609,10178.5218262,10431.329726580001,7846.63171509
2019-09-10,10115.975586,10177.41811525,10426.7871094,7877.183959964999
2019-09-11,10178.37207,10179.78393555,10432.339199240001,7907.363186039999
2019-09-12,10410.126953,10179.892041000001,10444.30322268,7940.3616833549995
2019-09-13,10360.546875,10189.92133785,10453.27732424,7972.750936285
2019-09-14,10358.048828,10200.89790035,10463.03222658,8005.269390875001
2019-09-15,10347.712891,10199.742529250001,10480.43292972,8037.752718515
2019-09-16,10276.793945,10204.307226500001,10494.91160158,8069.86276124
2019-09-17,10241.272461,10228.64970695,10509.354140640002,8101.771204844999
2019-09-18,10198.248047,10263.052099550001,10521.17062502,8133.440369884999
2019-09-19,10266.415039,10296.4641601,10524.7863672,8165.536566175
2019-09-20,10181.641602,10324.013037050001,10520.42582034,8197.63698854
2019-09-21,10019.716797,10337.10034175,10510.456660180002,8228.253697525
2019-09-22,10070.392578,10323.281933549999,10495.429980480001,8259.08594728
2019-09-23,9729.324219,10278.571142550001,10470.61277346,8288.1751465
2019-09-24,8620.566406,10179.87480465,10406.911035179999,8311.77232057
2019-09-25,8486.993164,10075.4478027,10347.08751956,8334.390717785
2019-09-26,8118.967773,9963.73105465,10270.62750002,8355.22755738
2019-09-27,8251.845703,9850.46059565,10196.336269540001,8376.960649420002
2019-09-28,8245.915039,9740.69252925,10123.995839860001,8398.644443365
2019-09-29,8104.185547,9629.15307615,10058.99906252,8419.631784675
2019-09-30,8293.868164,9538.04770505,9994.40484376,8441.47927979
2019-10-01,8343.276367,9446.292919900001,9933.61804688,8463.39110596
2019-10-02,8393.041992,9345.438671849999,9883.56228516,8485.11268677
2019-10-03,8259.992188,9240.4109375,9847.72804688,8506.28650269
2019-10-04,8205.939453,9132.80546875,9805.61591798,8527.153663335
2019-10-05,8151.500488,9022.994848600001,9761.1591504,8547.555214845
2019-10-06,7988.155762,8908.56293945,9716.28738282,8567.058612065
2019-10-07,8245.623047,8808.78046875,9674.28363282,8588.14009278
2019-10-08,8228.783203,8710.30722655,9620.538222660001,8609.164167485002
2019-10-09,8595.740234,8626.773486299999,9577.1883789,8631.963736575
2019-10-10,8586.473633,8547.01508785,9546.15685546,8654.785263675
2019-10-11,8321.756836,8462.1170898,9509.9708789,8676.57869507
2019-10-12,8336.555664,8375.4252441,9468.542695299999,8698.336069334999
2019-10-13,8321.005859,8305.0093261,9431.76359372,8719.505767820001
2019-10-14,8374.686523,8292.715331950001,9396.486972620001,8741.033664545
2019-10-15,8205.369141,8278.634130800001,9353.17794918,8761.56863769
2019-10-16,8047.526855,8275.0620849,9310.41848628,8781.272971185
2019-10-17,8103.911133,8267.6653564,9277.4082519,8801.265505365
2019-10-18,7973.20752,8254.02998045,9246.6683984,8820.34062744
2019-10-19,7988.560547,8248.24873045,9214.47613278,8835.884040525
2019-10-20,8222.078125,8244.6592285,9186.30441402,8852.129321285
2019-10-21,8243.720703,8239.6814453,9156.019414019998,8868.733930659999
2019-10-22,8078.203125,8223.93950195,9110.64826168,8883.941540524998
2019-10-23,7514.671875,8186.6734863,9048.470898399999,8896.215812985
2019-10-24,7493.48877,8151.050952150001,8986.45081052,8907.68877197
2019-10-25,8660.700195,8176.5109375,8948.15415036,8924.543417965
2019-10-26,9244.972656,8239.351782200001,8925.9875488,8944.743488765
2019-10-27,9551.714844,8304.656372050002,8906.67674802,8965.879304195001
2019-10-28,9256.148438,8356.0246338,8882.97418944,8986.837607419999
2019-10-29,9427.6875,8397.6219971,8864.828447259999,9008.528349605
2019-10-30,9205.726563,8428.5846436,8846.623466800002,9029.07405029
2019-10-31,9199.584961,8472.47604985,8827.047724619999,9049.233364255
2019-11-01,9261.104492,8518.703491249998,8804.0672754,9070.203344725
2019-11-02,9324.717773,8568.88908695,8783.35069336,9090.649135740001
2019-11-03,9235.354492,8611.9224854,8760.89680664,9110.566218259999
2019-11-04,9412.612305,8672.2846436,8742.19479492,9131.137351075
2019-11-05,9342.527344,8737.03466805,8723.5094629,9151.330925295
2019-11-06,9360.879883,8799.88310555,8705.901611340001,9171.445893560001
2019-11-07,9267.561523,8864.6008057,8687.28788086,9191.211044925
2019-11-08,8804.880859,8905.4168213,8658.05719726,9208.23862305
2019-11-09,8813.582031,8934.9920166,8630.69600584,9224.44472168
2019-11-10,9055.526367,8975.5822998,8611.41219724,9242.39802002
2019-11-11,8757.788086,9009.56154785,8585.160107400001,9260.134382324999
2019-11-12,8815.662109,9074.61105955,8566.8868652,9277.815952145002
2019-11-13,8808.262695,9140.3497558,8570.64079098,9295.515810539999
2019-11-14,8708.094727,9142.7194824,8575.062822240001,9312.630588375001
2019-11-15,8491.992188,9105.070458999999,8582.52331054,9328.853786619999
2019-11-16,8550.760742,9055.0227539,8588.50161132,9344.853957515
2019-11-17,8577.975586,9021.114111300001,8595.14282226,9360.730349115
2019-11-18,8309.286133,8965.194042950001,8599.24483398,9374.750361325
2019-11-19,8206.145508,8915.2149902,8597.49038086,9386.93964111
2019-11-20,8027.268066,8856.59914545,8591.17021484,9397.92014404
2019-11-21,7642.75,8775.68142085,8576.164375,9407.15535156
2019-11-22,7296.577637,8674.27441405,8556.89608398,9414.9042041
2019-11-23,7397.796875,8582.396533199999,8540.73323242,9422.74568115
2019-11-24,7047.916992,8464.16176755,8518.6615625,9428.072978510001
2019-11-25,7146.133789,8354.3420898,8501.82112304,9432.93100341
2019-11-26,7218.371094,8247.216650350001,8481.27608398,9437.128613275
2019-11-27,7531.663574,8160.4217529,8467.3336914,9438.763073725
2019-11-28,7463.105957,8093.3330078,8444.68100586,9441.216745599999
2019-11-29,7761.243652,8040.71608885,8428.176406240002,9440.948388665001
2019-11-30,7569.629883,7966.421264649999,8413.13386718,9438.824458
2019-12-01,7424.29248,7899.74648435,8394.888603500001,9434.920080554999
2019-12-02,7321.988281,7825.06279295,8374.90825194,9432.10547606
2019-12-03,7320.145508,7750.6569336,8353.81743164,9431.98672606
2019-12-04,7252.034668,7677.853930650001,8334.75074218,9431.89085936
2019-12-05,7448.307617,7625.6697021,8322.766357420001,9428.14395018
2019-12-06,7546.996582,7575.481494099999,8311.6280664,9425.987387680001
2019-12-07,7556.237793,7524.39460445,8303.28867186,9423.95193846
2019-12-08,7564.345215,7487.147558549999,8294.80436522,9423.373332505
2019-12-09,7400.899414,7446.88525385,8278.380791,9420.968596175
2019-12-10,7278.119629,7409.427832000001,8259.068769520001,9417.42233641
2019-12-11,7217.427246,7388.1616943,8241.85325194,9413.246752915
2019-12-12,7243.134277,7385.4895263,8236.42249998,9406.096345200001
2019-12-13,7269.68457,7379.08391105,8231.94641598,9398.415876449999
2019-12-14,7124.673828,7382.921752849999,8201.22588864,9390.439436019999
2019-12-15,7152.301758,7383.2301513,8159.37247068,9382.903508285
2019-12-16,6932.480469,7368.93562005,8106.98778318,9375.968547350001
2019-12-17,6640.515137,7324.3781982,8054.675117159999,9366.298613269999
2019-12-18,7276.802734,7315.06303705,8011.65742184,9359.862543930001
2019-12-19,7202.844238,7287.14306635,7971.59977534,9352.16197508
2019-12-20,7218.816406,7269.6023925,7931.98440424,9347.211081525
2019-12-21,7191.158691,7257.945703050001,7890.58548822,9344.628019999998
2019-12-22,7511.588867,7267.4257323500005,7854.322910100001,9343.06480711
2019-12-23,7355.628418,7269.19987785,7816.72838862,9340.732832009999
2019-12-24,7322.532227,7272.724755799999,7774.926787060001,9337.125737285
2019-12-25,7275.155762,7264.06716305,7733.579355420001,9333.730876444999
2019-12-26,7238.966797,7248.6656738,7691.1410937,9331.48532469
2019-12-27,7290.088379,7235.3582031,7651.591630820001,9327.934118635
2019-12-28,7317.990234,7223.040454049999,7621.85381832,9324.88549803
2019-12-29,7422.652832,7224.128124950001,7594.03523434,9321.26947508
2019-12-30,7292.995117,7224.871899349999,7558.784609339999,9316.579831525
2019-12-31,7193.599121,7223.680493100001,7527.500830039999,9309.07866209
2020-01-01,7200.174316,7221.53249505,7495.19107418,9300.887658669999
2020-01-02,6985.470215,7207.3217773,7458.735224580001,9290.84256834
2020-01-03,7344.884277,7218.33229975,7431.471015579999,9280.96522703
2020-01-04,7410.656738,7231.25004875,7409.844306579999,9272.609697245
2020-01-05,7411.317383,7255.191894450001,7387.0554394,9263.29867674
2020-01-06,7769.219238,7311.6270994999995,7370.880312439999,9254.50897215
2020-01-07,8163.692383,7355.97158195,7367.96843744,9244.604650860001
2020-01-08,8079.862793,7399.8225097,7365.44278314,9231.495507795
2020-01-09,7879.071289,7432.835253850001,7362.4788476,9216.614008769999
2020-01-10,8166.554199,7481.60502925,7372.95493158,9202.391267070001
2020-01-11,8037.537598,7507.902465800001,7387.7741307999995,9183.6243701
2020-01-12,8192.494141,7549.745751949999,7403.6680761200005,9159.50568358
2020-01-13,8144.194336,7590.828857400001,7425.593622999999,9144.312622054998
2020-01-14,8827.764648,7668.459301700001,7459.22624018,9126.41478514
2020-01-15,8807.010742,7746.86149895,7490.99903314,9110.65298338
2020-01-16,8723.786133,7818.546386650001,7514.84148432,9100.186137679999
2020-01-17,8929.038086,7899.09877925,7544.1601269,9091.915654280001
2020-01-18,8942.808594,7975.10656735,7567.79142574,9082.62130858
2020-01-19,8706.245117,8045.769067350001,7590.52373042,9066.34618651
2020-01-20,8657.642578,8118.9712402000005,7615.19073238,9053.557211899999
2020-01-21,8745.894531,8196.25725095,7643.668857379999,9042.39438475
2020-01-22,8680.875977,8281.02753905,7670.88346676,9029.756010730001
2020-01-23,8406.515625,8334.10910645,7693.9730859,9014.534355455
2020-01-24,8445.43457,8385.847998050001,7713.91562496,8995.331738265
2020-01-25,8367.847656,8433.6745117,7730.33264644,8974.301914045
2020-01-26,8596.830078,8475.0550537,7751.144492139999,8956.50350096
2020-01-27,8909.819336,8512.361401350001,7778.05397456,8944.259287095
2020-01-28,9358.589844,8576.2977539,7817.20778316,8931.972304675
2020-01-29,9316.629883,8648.1756836,7857.97798824,8921.593559559999
2020-01-30,9508.993164,8715.29763185,7903.809306600001,8917.85823241
2020-01-31,9350.529297,8780.9472168,7945.9572069999995,8910.135429675
2020-02-01,9392.875,8840.96625975,7988.4210156,8909.711596665
2020-02-02,9344.365234,8900.974804649999,8032.814843720001,8907.964409165
2020-02-03,9293.521484,8924.262646449999,8075.639238239999,8901.099604474999
2020-02-04,9180.962891,8942.9602539,8120.60888668,8894.35075682
2020-02-05,9613.423828,8987.44213865,8180.0670605000005,8888.58217772
2020-02-06,9729.801758,9027.480322250001,8229.12704098,8884.235659164999
2020-02-07,9795.943359,9070.137060500001,8280.9890234,8881.499843735
2020-02-08,9865.119141,9128.0807617,8333.915078099999,8881.32160155
2020-02-09,10116.673828,9201.0323242,8392.42538084,8882.845341785001
2020-02-10,9856.611328,9256.56816405,8439.32583006,8882.56918944
2020-02-11,10208.236328,9332.9361816,8496.37798826,8884.258852525001
2020-02-12,10326.054688,9428.91313475,8556.44843748,8888.500737294999
2020-02-13,10214.379883,9517.360400399999,8615.2329199,8891.808334950001
2020-02-14,10312.116211,9614.57382815,8676.69590818,8895.773188465
2020-02-15,9889.424805,9679.2035645,8728.6826367,8897.18319335
2020-02-16,9934.433594,9730.4342774,8781.011503900001,8896.427221670001
2020-02-17,9690.142578,9747.0119141,8826.36129882,8892.879589835
2020-02-18,10141.996094,9788.28022465,8883.34131836,8890.998696280001
2020-02-19,9633.386719,9794.4999024,8932.137070320001,8885.05699706
2020-02-20,9608.475586,9807.39721685,8980.30309572,8878.24845214
2020-02-21,9686.441406,9822.075537150002,9034.32251954,8867.652392569998
2020-02-22,9663.181641,9838.0163575,9080.68846682,8858.577456050001
2020-02-23,9924.515625,9869.56606455,9130.96564456,8848.490190425
2020-02-24,9650.174805,9893.026660250001,9175.742793000001,8836.909028315
2020-02-25,9341.705078,9879.440722750001,9207.1925098,8824.30287109
2020-02-26,8820.522461,9833.9767579,9220.329111359999,8811.635361325001
2020-02-27,8784.494141,9783.404297,9234.42173832,8797.93993652
2020-02-28,8672.455078,9723.771093849999,9250.2894141,8784.389130855001
2020-02-29,8599.508789,9647.9128419,9258.9485059,8772.90752441
2020-03-01,8562.454102,9583.2049806,9269.446835980001,8765.46127441
2020-03-02,8869.669922,9516.2766603,9282.9903516,8758.25189453
2020-03-03,8787.786133,9439.36323255,9295.86218754,8750.31913086
2020-03-04,8755.246094,9366.406543100002,9294.41181646,8742.936640625
2020-03-05,9078.762695,9304.738867299999,9299.846855520002,8736.601401365
2020-03-06,9122.545898,9266.394921950001,9307.82205082,8727.633862300001
2020-03-07,8909.954102,9215.17094735,9307.440371140001,8718.367470700001
2020-03-08,8108.116211,9136.069629000001,9290.74652348,8708.21780273
2020-03-09,7923.644531,9025.15205085,9275.094511759999,8697.180747065
2020-03-10,7909.729492,8938.9691895,9260.136250040001,8684.689570305
2020-03-11,7911.430176,8854.116918999998,9243.446962940001,8673.446916495
2020-03-12,4970.788086,8618.334252999999,9169.24520512,8647.608269035
2020-03-13,5563.707031,8413.360522500001,9112.389033239999,8623.572702624999
2020-03-14,5200.366211,8177.1530518,9047.48766606,8598.64703368
2020-03-15,5392.314941,7964.2600586,8987.97701176,8576.836494125
2020-03-16,5014.47998,7747.8988037,8916.3300098,8554.35789305
2020-03-17,5225.629395,7568.1541504,8842.64621098,8532.495170885
2020-03-18,5238.438477,7390.8513672,8760.243183640001,8510.534042955
2020-03-19,6191.192871,7266.788256850001,8697.7344434,8492.700153795
2020-03-20,6198.77832,7146.7517334,8631.53014652,8471.960241685
2020-03-21,6185.066406,7027.882348600001,8568.2208887,8449.767873519999
2020-03-22,5830.254883,6875.91159665,8496.968486360001,8425.946682115
2020-03-23,6416.314941,6757.33803705,8438.4074805,8405.150590805
2020-03-24,6734.803711,6656.3159178999995,8387.23312504,8387.05809569
2020-03-25,6681.062988,6536.43093255,8337.23512698,8367.877136215
2020-03-26,6716.44043,6416.12565915,8279.29545902,8349.25295653
2020-03-27,6469.79834,6294.117871050001,8214.09539066,8329.927075185
2020-03-28,6242.193848,6200.8217529,8143.02040044,8310.558166495
2020-03-29,5922.042969,6100.7416748000005,8064.158877000001,8289.27652099
2020-03-30,6429.841797,6026.74729005,7990.42223638,8269.375095210002
2020-03-31,6438.644531,5953.1080077999995,7922.06290044,8249.76558349
2020-04-01,6606.776367,6034.90742185,7850.03370122,8231.009221185
2020-04-02,6793.624512,6096.4032959,7779.3850977,8213.23877929
2020-04-03,6733.387207,6173.0543457,7709.76524418,8195.5217456
2020-04-04,6867.527344,6246.81496585,7640.87346684,8178.653020015
2020-04-05,6791.129395,6335.6474366,7578.9075586399995,8161.6174267549995
2020-04-06,7271.78125,6437.95502935,7525.65451176,8146.6442578099995
2020-04-07,7176.414551,6534.85383305,7475.37995122,8131.618122555
2020-04-08,7334.098633,6591.99912115,7419.2220019999995,8118.190031734999
2020-04-09,7302.089355,6647.1646729,7372.596054719999,8104.34851562
2020-04-10,6865.493164,6681.186010800001,7317.736406280001,8090.029360345
2020-04-11,6859.083008,6732.627417049999,7261.18923832,8081.221943355
2020-04-12,6971.091797,6760.36625985,7207.34744144,8073.642436520001
2020-04-13,6845.037598,6765.8779542,7145.757880900001,8067.272785645
2020-04-14,6842.427734,6773.946191500001,7089.60293948,8060.225695799999
2020-04-15,6642.109863,6770.229663150001,7035.611035179999,8052.20666992
2020-04-16,7116.804199,6802.579956099999,7001.53666994,8047.26976318
2020-04-17,7116.804199,6846.31047365,6968.182871099999,8041.384443354999
2020-04-18,7257.665039,6913.09157715,6939.887070320001,8035.956386715
2020-04-19,7189.424805,6951.07072755,6911.68539064,8029.93830078
2020-04-20,6881.958496,6973.2364258,6878.07547852,8023.048132320001
2020-04-21,6880.323242,6986.91376955,6838.288544919999,8016.4200512649995
2020-04-22,7117.20752,7003.092919950001,6804.876972660001,8011.248586425
2020-04-23,7429.724609,7037.909790050001,6778.3665429600005,8008.45643066
2020-04-24,7550.900879,7072.078466800001,6747.80930664,8004.982819820001
2020-04-25,7569.936035,7111.018798800001,6716.75710938,8001.688583979999
2020-04-26,7679.867188,7131.423095699999,6692.155371099999,7997.10921875
2020-04-27,7795.601074,7162.382421849999,6685.90506836,7993.154855955
2020-04-28,7807.058594,7186.0304199,6683.57334962,7990.5813647449995
2020-04-29,8801.038086,7260.977856449999,6701.3995215,7992.903776855001
2020-04-30,8658.553711,7350.6308837999995,6716.3419922,7994.591516115
2020-05-01,8864.766602,7450.9150635,6794.221562520001,7997.041916509999
2020-05-02,8988.59668,7551.790307650001,6862.7193555,8000.958054205
2020-05-03,8897.46875,7654.411865250001,6936.66140628,8005.2077636799995
2020-05-04,8912.654297,7757.923193400001,7007.0681934,8009.2514795
2020-05-05,9003.070313,7875.9712159,7086.84000006,8014.400793465001
2020-05-06,9268.761719,7983.5690919,7167.70264654,8020.801799325
2020-05-07,9951.518555,8125.304809700001,7261.9642481,8029.449001475001
2020-05-08,9842.666016,8254.55485855,7334.993711,8037.443728040001
2020-05-09,9593.896484,8374.7784425,7402.896074280001,8045.022194835001
2020-05-10,8756.430664,8468.502050899999,7454.323359440001,8051.23098878
2020-05-11,8601.795898,8554.5756837,7509.75417974,8056.77252442
2020-05-12,8804.477539,8638.939184649998,7557.5174317,8057.49141114
2020-05-13,9269.987305,8730.95231945,7608.22110358,8057.616484385
2020-05-14,9733.72168,8840.093359499999,7669.27427742,8058.526518565
2020-05-15,9328.197266,8928.00642105,7721.50941414,8058.886762705
2020-05-16,9377.013672,9012.86374525,7779.65372078,8058.633393565
2020-05-17,9670.739258,9106.620654449998,7848.224628979999,8060.95845704
2020-05-18,9726.575195,9202.5964845,7924.3152735,8063.59340821
2020-05-19,9729.038086,9248.996484500001,7990.299199280001,8065.933076179999
2020-05-20,9522.981445,9292.217871199999,8051.985937560001,8066.924394539999
2020-05-21,9081.761719,9303.06762705,8101.4856446,8066.156430675001
2020-05-22,9182.577148,9312.76665045,8149.26469732,8065.006254890001
2020-05-23,9209.287109,9328.357568399999,8198.78269536,8064.340053715
2020-05-24,8790.368164,9322.243261749998,8237.239511759999,8061.487495119999
2020-05-25,8906.93457,9317.436474600001,8279.55561526,8059.6843603550005
2020-05-26,8835.052734,9295.75102535,8310.82104494,8059.83521973
2020-05-27,9181.017578,9257.2259765,8350.91310548,8061.672397465
2020-05-28,9525.750977,9241.38022455,8394.74615236,8064.023520515
2020-05-29,9439.124023,9233.6416015,8437.486845720001,8067.4302002
2020-05-30,9700.414063,9280.84077145,8494.1852637,8071.853959969999
2020-05-31,9461.058594,9323.80390625,8546.22477542,8075.117939465001
2020-06-01,10167.268555,9391.94345705,8610.14831058,8082.413808604999
2020-06-02,9529.803711,9404.93427735,8663.84363284,8087.602866220001
2020-06-03,9656.717773,9401.084082,8720.12943362,8093.132651375
2020-06-04,9800.636719,9424.70605465,8783.29997074,8099.24595704
2020-06-05,9665.533203,9439.132031199999,8834.27455082,8106.02719239
2020-06-06,9653.679688,9438.2790527,8885.0120606,8113.26486329
2020-06-07,9758.852539,9439.892919900001,8935.0358106,8121.922785655001
2020-06-08,9771.489258,9442.0154785,8986.67709966,8132.566481945
2020-06-09,9795.700195,9455.651416,9044.951933639999,8145.062094735
2020-06-10,9870.094727,9495.0680664,9104.74736334,8157.423583995001
2020-06-11,9321.78125,9502.0282715,9148.838837939998,8168.7929052849995
2020-06-12,9480.84375,9515.606103549999,9189.86122076,8180.466455090001
2020-06-13,9475.277344,9549.85156255,9228.348750059999,8191.750986339999
2020-06-14,9386.788086,9573.84423835,9264.68579108,8201.0266089
2020-06-15,9450.702148,9604.62670905,9300.10249028,8210.964589855
2020-06-16,9538.024414,9622.47705085,9334.95095708,8219.848493664998
2020-06-17,9480.254883,9620.20224615,9368.41488286,8229.401618665
2020-06-18,9411.84082,9618.838086,9380.63093754,8239.339360365
2020-06-19,9288.018555,9598.2183106,9393.22023442,8249.169511735001
2020-06-20,9332.34082,9591.7824219,9402.57171878,8259.230488295001
2020-06-21,9303.629883,9548.6004883,9408.87238284,8269.488464369999
2020-06-22,9648.717773,9554.5461914,9423.8973633,8280.49051515
2020-06-23,9629.658203,9553.193212900002,9438.23744142,8290.903823255001
2020-06-24,9313.610352,9528.84189455,9444.4482422,8299.69068605
2020-06-25,9264.813477,9508.80590825,9444.36927736,8308.193027360001
2020-06-26,9162.917969,9484.2678223,9428.59726564,8317.003120135
2020-06-27,9045.390625,9448.5947266,9412.65175782,8325.839475114999
2020-06-28,9143.582031,9417.19936525,9403.64546876,8335.47024904
2020-06-29,9190.854492,9386.957080099999,9412.333945319999,8345.208850115
2020-06-30,9137.993164,9350.352001950001,9423.05789064,8354.550393085
2020-07-01,9228.325195,9345.6791992,9431.53484376,8365.06864992
2020-07-02,9123.410156,9327.8075195,9428.60330078,8374.924191909999
2020-07-03,9087.303711,9308.40883785,9415.6749414,8385.69830812
2020-07-04,9132.488281,9295.6938476,9411.7607617,8398.15817384
2020-07-05,9073.942383,9276.85585935,9405.69933592,8407.143872085
2020-07-06,9375.474609,9268.7283691,9399.794042939999,8418.007023940001
2020-07-07,9252.277344,9257.32949215,9390.30808592,8428.174328629999
2020-07-08,9428.333008,9258.15410155,9384.29398436,8439.360200215
2020-07-09,9277.967773,9257.651562449999,9379.39371092,8448.192094745
2020-07-10,9278.807617,9254.9749023,9383.33462888,8457.80799074
2020-07-11,9240.34668,9251.810742149999,9384.490019519999,8467.397063005
2020-07-12,9276.5,9233.199853499998,9385.83427734,8477.403784195001
2020-07-13,9243.614258,9213.89765625,9394.89919922,8487.4270215
2020-07-14,9243.213867,9210.377832,9401.62478516,8497.19264894
2020-07-15,9192.836914,9206.779003849999,9408.78046876,8506.56688234
2020-07-16,9132.227539,9205.244482349999,9407.804667979999,8515.114755875
2020-07-17,9151.392578,9210.544579999998,9400.3175,8524.40674318
2020-07-18,9159.040039,9211.3174804,9394.71582032,8534.233947769999
2020-07-19,9185.817383,9211.065624949999,9384.423886719998,8544.162163105
2020-07-20,9164.231445,9212.377539,9378.48734374,8555.055969255001
2020-07-21,9374.887695,9219.705664000001,9362.639726540001,8565.205986345
2020-07-22,9525.363281,9239.803320250001,9362.55091794,8575.77951906
2020-07-23,9581.072266,9264.491748,9361.0380078,8586.628293475
2020-07-24,9536.892578,9284.71196285,9355.76312498,8595.466660175
2020-07-25,9677.113281,9314.870507750002,9355.99472654,8603.033764665
2020-07-26,9905.166992,9341.3551269,9361.02447262,8612.16028566
2020-07-27,10990.873047,9428.28491205,9385.66488278,8627.71929445
2020-07-28,10912.823242,9502.50942375,9408.49156246,8641.450639665
2020-07-29,11100.467773,9593.63442375,9434.586914020001,8656.765290540001
2020-07-30,11111.213867,9685.25473625,9459.40929682,8671.35888917
2020-07-31,11323.466797,9789.4107421,9499.443007760001,8687.255251475
2020-08-01,11759.592773,9913.56538075,9545.017988220001,8701.9143921
2020-08-02,11053.614258,10004.06538075,9576.5847265,8713.147409680001
2020-08-03,11246.348633,10104.22211905,9613.77593744,8725.76022218
2020-08-04,11205.892578,10204.87490225,9648.87974604,8737.144494639999
2020-08-05,11747.022461,10335.614648350002,9693.05970698,8751.165563975
2020-08-06,11779.773438,10467.033691350001,9739.050078080001,8766.53320558
2020-08-07,11601.472656,10589.1553222,9782.8427148,8781.25235597
2020-08-08,11754.045898,10717.56674795,9832.16326166,8796.293112805
2020-08-09,11675.739258,10843.1421386,9879.03123042,8811.26742921
2020-08-10,11878.111328,10968.30332025,9930.52085932,8828.625407725
2020-08-11,11410.525391,11062.56142575,9965.75701168,8843.45086183
2020-08-12,11584.93457,11162.754540949998,10004.86253902,8859.5362964
2020-08-13,11784.137695,11275.116796799999,10054.27308588,8875.472834485
2020-08-14,11768.871094,11379.70468745,10104.35423822,8889.768093275
2020-08-15,11865.698242,11477.73124995,10158.40984368,8902.303635265
2020-08-16,11892.803711,11522.82778315,10215.3581054,8915.184504405
2020-08-17,12254.402344,11589.90673825,10277.57451166,8928.911550305
2020-08-18,11991.233398,11634.4450195,10333.58208978,8942.11507081
2020-08-19,11758.283203,11666.7984863,10385.98789056,8953.942111825
2020-08-20,11878.37207,11694.54374995,10438.988828059999,8966.612146005
2020-08-21,11592.489258,11686.188574200001,10488.3704101,8978.106984875001
2020-08-22,11681.825195,11717.59912105,10540.26083978,8990.611296395
2020-08-23,11664.847656,11738.5240722,10590.908027279998,9000.868415535
2020-08-24,11774.595703,11766.95922845,10644.92109368,9011.09238526
2020-08-25,11366.134766,11747.9148437,10684.734296820001,9018.943342295
2020-08-26,11488.363281,11733.344335849999,10729.456015559997,9027.059562995
2020-08-27,11323.397461,11719.4405761,10767.35730462,9033.093181159998
2020-08-28,11542.5,11708.863281200001,10812.64794916,9041.52262452
2020-08-29,11506.865234,11700.41958,10857.209101499999,9048.01576905
2020-08-30,11711.505859,11692.08930655,10906.63228508,9054.943024905
2020-08-31,11680.820313,11705.60405265,10954.71869134,9062.275227055
2020-09-01,11970.478516,11724.881249950002,11009.255976499999,9070.56703858
2020-09-02,11414.03418,11706.3760742,11052.67238276,9078.190085455
2020-09-03,10245.296875,11630.19736325,11073.721581979999,9079.74440186
2020-09-04,10511.813477,11562.503125,11101.313300740001,9083.852756355
2020-09-05,10169.567383,11476.3413086,11121.676796840002,9083.9906128
2020-09-06,10280.351563,11377.63876955,11144.10302732,9087.225437019999
2020-09-07,10369.563477,11296.5552735,11167.7779492,9091.030876475
2020-09-08,10131.516602,11215.21694345,11187.123652339998,9093.256252455
2020-09-09,10242.347656,11133.41572275,11204.47285156,9096.152082530001
2020-09-10,10363.138672,11071.94819345,11221.228359380002,9098.345197765
2020-09-11,10400.915039,11007.90268565,11237.625214840002,9102.098898935
2020-09-12,10442.170898,10946.768847750001,11255.73078124,9107.601228035
2020-09-13,10323.755859,10874.226855550001,11268.663632799999,9115.117395025
2020-09-14,10680.837891,10839.9620118,11284.177050780003,9124.599113775
2020-09-15,10796.951172,10805.391406350001,11280.29861328,9135.221594245
2020-09-16,10974.905273,10787.966796949999,11281.540253899999,9147.098576665001
2020-09-17,10948.990234,10758.29130865,11278.51070312,9159.031257325
2020-09-18,10944.585938,10730.177343849999,11275.17814454,9169.405837405
2020-09-19,11094.34668,10699.3193849,11270.5957422,9180.93864014
2020-09-20,10938.271484,10662.19194345,11254.16931642,9191.85376709
2020-09-21,10462.259766,10586.78100595,11242.34222658,9198.771252445
2020-09-22,10538.459961,10543.002295,11228.184453139998,9205.85082276
2020-09-23,10225.864258,10542.030664150001,11208.58388674,9212.43037354
2020-09-24,10745.548828,10553.7174317,11188.55441408,9225.617536625
2020-09-25,10702.290039,10580.3535645,11167.0047461,9239.510764165001
2020-09-26,10754.4375,10604.05786135,11150.06404298,9253.734304205
2020-09-27,10774.426758,10624.3010254,11130.471660180001,9268.049287115
2020-09-28,10721.327148,10653.791552699999,11111.38341798,9296.801982425
2020-09-29,10848.830078,10684.115673799999,11090.79779298,9323.227597660001
2020-09-30,10787.618164,10705.3396484,11078.33964844,9351.163857425
2020-10-01,10623.330078,10716.46040035,11059.107558599999,9377.31893311
2020-10-02,10585.164063,10723.6100586,11035.12808596,9405.172353525
2020-10-03,10565.493164,10735.696923849999,11011.06052736,9431.87167237
2020-10-04,10684.428711,10735.87646485,10987.435136740001,9459.10162354
2020-10-05,10804.000977,10736.2289551,10965.65908206,9482.16566407
2020-10-06,10621.664063,10718.5668946,10933.00431644,9504.280092785
2020-10-07,10679.136719,10705.07421885,10906.762382859999,9526.75044435
2020-10-08,10923.62793,10704.02631845,10890.0692774,9552.217309585
2020-10-09,10923.62793,10695.49038095,10870.9743946,9574.753874529999
2020-10-10,11296.361328,10713.39487315,10865.051836,9597.561662615
2020-10-11,11384.181641,10759.4909669,10859.09896492,9621.07725588
2020-10-12,11384.181641,10801.7770509,10853.485644620001,9644.415961935
2020-10-13,11429.506836,10861.9591798,10846.583867279998,9669.214504415
2020-10-14,11429.506836,10896.1570802,10847.85130868,9695.151069355
2020-10-15,11495.349609,10935.8100587,10847.991035240002,9723.017602554999
2020-10-16,11322.123047,10964.19433605,10847.965546960002,9747.479008805
2020-10-17,11358.101563,10993.3780763,10844.277578220002,9772.076293965
2020-10-18,11483.359375,11031.47968765,10843.807461040002,9796.459209005
2020-10-19,11742.037109,11076.140039200001,10844.41808604,9821.20127199
2020-10-20,11916.334961,11132.57587905,10849.128379,9847.11601076
2020-10-21,12823.689453,11242.593847799999,10866.192597739999,9876.896821305
2020-10-22,12965.891602,11361.63022475,10897.229746180003,9907.77063234
2020-10-23,12931.539063,11479.9325197,10950.954589940002,9936.069421405
2020-10-24,13108.0625,11601.114209149999,11002.879570400002,9965.72766115
2020-10-25,13031.173828,11712.4728517,11060.111699300001,9994.213037125
2020-10-26,13075.248047,11835.1520509,11116.009628980002,10023.078830585
2020-10-27,13654.21875,11983.90615245,11181.702734440001,10057.022458514999
2020-10-28,13271.285156,12101.289013750002,11244.49810552,10089.083469255
2020-10-29,13437.882813,12227.0017579,11308.40880866,10121.417424335
2020-10-30,13546.522461,12339.50981455,11372.07648444,10154.92484865
2020-10-31,13780.995117,12459.350488349999,11439.678085999998,10189.617685565001
2020-11-01,13737.109375,12576.996875050001,11505.576855539999,10225.092683125002
2020-11-02,13550.489258,12683.04599615,11570.111523520001,10257.26110842
2020-11-03,13950.300781,12809.0856934,11635.500781319999,10291.428591330001
2020-11-04,14133.707031,12941.003564499999,11702.235898500001,10325.80880129
2020-11-05,15579.848633,13153.8898438,11794.3347657,10367.76092043
2020-11-06,15565.880859,13364.278808599998,11886.6725782,10411.180532245
2020-11-07,14833.753906,13531.79853515,11964.45593756,10450.947685565001
2020-11-08,15479.567383,13718.67504885,12052.16035162,10492.759484879998
2020-11-09,15332.31543,13889.4740723,12140.04123054,10532.272438985
2020-11-10,15290.902344,14012.83471685,12236.6140821,10570.972446310001
2020-11-11,15701.339844,14149.607128950001,12339.871679760001,10611.629465355
2020-11-12,16276.34375,14316.847363300001,12460.8812696,10654.611848165001
2020-11-13,16317.808594,14477.334668000001,12572.32646492,10697.222885765
2020-11-14,16068.138672,14629.1829102,12679.64343758,10738.528286154999
2020-11-15,15955.587891,14773.199902400002,12783.6664454,10774.301035179999
2020-11-16,16716.111328,14926.2945313,12902.5001368,10814.588823265
2020-11-17,17645.40625,15145.000586,13040.981718839997,10858.492021504999
2020-11-18,17804.005859,15363.306738300002,13180.085234459999,10902.5690674
2020-11-19,17817.089844,15576.83510745,13320.67466806,10947.167172869998
2020-11-20,18621.314453,15818.851074249998,13480.634355560001,10995.71047365
2020-11-21,18642.232422,16064.107226600001,13641.775722740002,11043.906284194998
2020-11-22,18370.001953,16305.08286135,13797.865898520002,11089.412485365
2020-11-23,18364.121094,16525.773877,13951.45974618,11131.47549806
2020-11-24,19107.464844,16774.46176765,14117.529023520001,11177.7994922
2020-11-25,18732.121094,16932.0753907,14279.73816414,11223.49061525
2020-11-26,17150.623047,17011.312500099997,14409.167890699999,11265.461577164999
2020-11-27,17108.402344,17125.044921999997,14532.86337898,11307.994609395
2020-11-28,17717.414063,17236.937255999997,14668.73910164,11352.559292015001
2020-11-29,18177.484375,17379.19570325,14806.361562580001,11397.096777365
2020-11-30,19625.835938,17595.942382949997,14971.19464852,11446.557348654998
2020-12-01,18802.998047,17751.0252931,15119.57097664,11493.931352560001
2020-12-02,19201.091797,17897.262695449997,15275.00267586,11543.051743184998
2020-12-03,19445.398438,18053.64218765,15435.3205079,11591.925039085001
2020-12-04,18699.765625,18185.2235353,15579.40882822,11636.790991235
2020-12-05,19154.230469,18345.1556642,15736.050976659997,11683.91695315
2020-12-06,19345.121094,18476.6061525,15895.791367279999,11733.027651395001
2020-12-07,19191.630859,18553.91738295,16049.95679696,11783.576997094999
2020-12-08,18321.144531,18579.77431655,16181.5389454,11829.26983401
2020-12-09,18553.916016,18616.61562515,16314.2905665,11875.992978545
2020-12-10,18264.992188,18598.7995119,16423.1166212,11923.366098665001
2020-12-11,18058.904297,18569.63310565,16524.976875099997,11969.125947300001
2020-12-12,18803.65625,18591.3158205,16642.419218839997,12018.96896488
2020-12-13,19142.382813,18630.22890645,16763.105625099997,12068.775791055
2020-12-14,19246.644531,18637.1878908,16887.41503916,12117.380258825
2020-12-15,19417.076172,18671.4356447,17014.25160166,12167.27001957
2020-12-16,21310.597656,18879.434375150002,17167.37917978,12225.320937535002
2020-12-17,22805.162109,19164.272363400003,17358.056718840002,12292.04145511
2020-12-18,23137.960938,19435.299707150003,17552.05828134,12356.894917025
2020-12-19,23869.832031,19719.917089950002,17758.52447274,12428.595058625
2020-12-20,23477.294922,19912.49003915,17952.45046884,12497.69794437
2020-12-21,22803.082031,20112.49423835,18133.769921960004,12562.71017093
2020-12-22,23783.029297,20341.59111335,18338.42072274,12633.2976514
2020-12-23,23241.345703,20531.3884766,18524.24162118,12701.235981475002
2020-12-24,23735.949219,20783.1976563,18716.28646494,12771.121464875001
2020-12-25,24664.791016,21058.725683650002,18897.985312599998,12845.587973665002
2020-12-26,26437.037109,21413.3214844,19115.4084376,12928.794658235001
2020-12-27,26272.294922,21767.35468755,19344.17925792,13010.80565921
2020-12-28,27084.808594,22205.5378907,19576.284082140002,13099.62079593
2020-12-29,27362.4375,22645.963964900002,19816.88652354,13189.02876468
2020-12-30,28840.953125,23174.76201175,20087.88753916,13285.857143584999
2020-12-31,29001.720703,23721.90283205,20353.895156339997,13383.93180667
2021-01-01,29374.152344,24250.42763675,20615.85132822,13483.54905765
2021-01-02,32127.267578,24899.671875000004,20932.0405079,13596.49527347
2021-01-03,32782.023438,25576.44082035,21266.31820322,13713.004116245
2021-01-04,31971.914063,26204.1827149,21586.64472666,13825.804482459998
2021-01-05,33992.429688,26838.2743165,21932.171093859997,13949.326538125
2021-01-06,36824.363281,27539.2343751,22315.75023448,14086.786650429998
2021-01-07,39371.042969,28350.888476649998,22747.090976679996,14237.123715860002
2021-01-08,40797.609375,29197.27734385,23206.701367300004,14392.86817387
2021-01-09,40254.546875,30036.139941499998,23639.36601574,14545.99261723
2021-01-10,38356.441406,30813.807910249998,24033.650195420003,14691.2067725
2021-01-11,35566.65625,31402.989257900004,24377.583281360003,14822.715986364998
2021-01-12,33922.960938,31937.07001965,24688.76007824,14946.51620121
2021-01-13,37316.359375,32616.090527450004,25052.93796886,15087.87104496
2021-01-14,39187.328125,33342.2173829,25462.042109479997,15238.089775429999
2021-01-15,36825.367188,33861.633886849995,25855.5369923,15376.26233891
2021-01-16,36178.140625,34356.92617199999,26236.931757920003,15511.463076215
2021-01-17,35791.277344,34792.2496095,26598.409023539996,15644.27783696
2021-01-18,36630.074219,35255.631445449995,26967.460820419998,15781.811157274999
2021-01-19,36069.804688,35617.0740236,27296.34019542,15916.723662159999
2021-01-20,35547.75,35944.375488449994,27631.235234480002,16048.799970754999
2021-01-21,30825.699219,36016.9528322,27863.72738292,16157.558754934998
2021-01-22,33005.761719,36060.877539249996,28134.934648540002,16275.710190485
2021-01-23,32067.642578,36025.158496250006,28402.2921876,16389.787016655
2021-01-24,32289.378906,36041.0317384,28664.995156340003,16504.092246145
2021-01-25,32366.392578,35959.7298829,28925.42058602,16619.53437017
2021-01-26,32569.849609,35747.0041993,29192.98496102,16735.98958013
2021-01-27,30432.546875,35300.0793946,29435.213007899998,16841.950581105
2021-01-28,31649.605469,34842.6791993,29697.12679696,16953.81610845
2021-01-29,34316.386719,34545.771191499996,30018.15468758,17079.179970755
2021-01-30,34269.523438,34341.425293099994,30342.367070399996,17204.31151861
2021-01-31,33114.359375,34218.81044935,30628.5811329,17323.919130914997
2021-02-01,33537.175781,34199.521191499996,30916.47699226,17445.943872125
2021-02-02,35510.289063,34109.21767589999,31241.749882900003,17577.738354549998
2021-02-03,37472.089844,34023.45576185,31602.85015634,17719.303603574997
2021-02-04,37492.257813,34056.8002931,31926.48335948,17860.835805725
